<?xml version="1.0" encoding="UTF-8" ?>
<item>
	<data>
		<id>1</id>
		<type>非常规药</type>
		<name>磺胺二甲嘧啶</name>
		<image>medicament1</image>
		<intro>传统应用的抗菌药，广泛用于治疗球虫病。</intro>
		<pro_img>../../common/img/tool/med1.jpg</pro_img>
	</data>
	<data>
		<id>2</id>
		<type>非常规药</type>
		<name>复方新诺明（药片）</name>
		<image>medicament2</image >
		<intro>用于治疗狗狗的寄生虫感染如卡氏肺孢子虫肺炎。</intro>
		<pro_img>../../common/img/tool/med2.jpg</pro_img>
	</data>
	<data>
		<id>3</id>
		<type>止泻药</type>
		<name>痢特灵（药片）</name>
		<image>medicament3</image>
		<intro>用于治疗狗狗的大肠杆菌、痢疾杆菌有很好的效果。</intro>
		<pro_img>../../common/img/tool/med3.jpg</pro_img>
	</data>
	<data>
		<id>4</id>
		<type>止泻药</type>
		<name>诺氟沙星（胶囊）</name>
		<image>medicament4</image>
		<intro>胶囊类药物，用于狗狗，止腹泻效果明显。</intro>
		<pro_img>../../common/img/tool/med4.jpg</pro_img>
	</data>
	<data>
		<id>5</id>
		<type>止泻药</type>
		<name>爱西特（药片）</name>
		<image>medicament5</image>
		<intro>可以很好的医治患有胃肠胀气的狗狗，效果良好。</intro>
		<pro_img>../../common/img/tool/med5.jpg</pro_img>
	</data>
	<data>
		<id>6</id>
		<type>止吐药</type>
		<name>西沙必利（药片）</name>
		<image>medicament6</image>
		<intro>可以有效的缓解狗狗的恶心症状，对狗狗止住呕吐有很好的帮助。</intro>
		<pro_img>../../common/img/tool/med6.jpg</pro_img>
	</data>
	<data>
		<id>7</id>
		<type>止吐药</type>
		<name>胃复安（药片）</name>
		<image>medicament7</image>
		<intro>可以帮助狗狗加快胃蠕动，利于胃内容物排空。</intro>
		<pro_img>../../common/img/tool/med7.jpg</pro_img>
	</data>
	<data>
		<id>8</id>
		<type>止吐药</type>
		<name>盐酸伊托必利片（药片）</name>
		<image>medicament8</image>
		<intro>对狗狗很不错的胃动力药，有助于排空胃部容物。</intro>
		<pro_img>../../common/img/tool/med8.jpg</pro_img>
	</data>
	<data>
		<id>9</id>
		<type>止咳药</type>
		<name>咳必清（药片）</name>
		<image>medicament9</image>
		<intro>给狗狗口服，有一定的麻醉作用，有止咳效果。</intro>
		<pro_img>../../common/img/tool/med9.jpg</pro_img>
	</data>
	<data>
		<id>10</id>
		<type>止咳药</type>
		<name>必嗽平（药片）</name>
		<image>medicament10</image>
		<intro>对于狗狗稀释痰液有着明显的效果，可以帮助狗狗止咳。</intro>
		<pro_img>../../common/img/tool/med10.jpg</pro_img>
	</data>
	<data>
		<id>11</id>
		<type>止咳药</type>
		<name>联邦止咳露（药剂）</name>
		<image>medicament40</image>
		<intro>对狗狗的止咳效果显著，但是老龄狗狗慎用。</intro>
		<pro_img>../../common/img/tool/med11.jpg</pro_img>
	</data>
	<data>
		<id>12</id>
		<type>开胃药</type>
		<name>复合维生素B（药片）</name>
		<image>medicament12</image>
		<intro>能提高狗狗食欲，改善狗狗胃口，让狗狗吃嘛嘛香。</intro>
		<pro_img>../../common/img/tool/med12.jpg</pro_img>
	</data>
	<data>
		<id>13</id>
		<type>开胃药</type>
		<name>汉森四磨汤口服液（药剂）</name>
		<image>medicament13</image>
		<intro>与狗粮、牛奶等一起诱狗狗食用，对治疗厌食症很有效果。</intro>
		<pro_img>../../common/img/tool/med13.jpg</pro_img>
	</data>
	<data>
		<id>14</id>
		<type>助消化药</type>
		<name>多酶片（药片）</name>
		<image>medicament14</image>
		<intro>适用于狗狗消化不良，没有比这个更实惠的了。</intro>
		<pro_img>../../common/img/tool/med14.jpg</pro_img>
	</data>
	<data>
		<id>15</id>
		<type>助消化药</type>
		<name>江中健胃消食片（药片）</name>
		<image>medicament15</image>
		<intro>可以很有效的帮助狗狗消化，调节肠胃蠕动。</intro>
		<pro_img>../../common/img/tool/med15.jpg</pro_img>
	</data>
	<data>
		<id>16</id>
		<type>助消化药</type>
		<name>同仁堂木香顺气丸（颗粒）</name>
		<image>medicament16</image>
		<intro>对于治疗狗狗消化不良，有较好的效果。</intro>
		<pro_img>../../common/img/tool/med16.jpg</pro_img>
	</data>
	<data>
		<id>17</id>
		<type>营养药片</type>
		<name>维生素C咀嚼片（药片）</name>
		<image>medicament17</image>
		<intro>用于狗狗补充维生素C，很便宜，也很有效。</intro>
		<pro_img>../../common/img/tool/med17.jpg</pro_img>
	</data>
	<data>
		<id>18</id>
		<type>营养药片</type>
		<name>牛初乳咀嚼奶片（药片）</name>
		<image>medicament18</image>
		<intro>接近天然牛奶的营养成分，但并不能代替牛奶。</intro>
		<pro_img>../../common/img/tool/med18.jpg</pro_img>
	</data>
	<data>
		<id>19</id>
		<type>感冒消炎</type>
		<name>头孢拉定（药片）</name>
		<image>medicament19</image>
		<intro>用于狗狗抗菌、消炎、止肿上效果十分不错。</intro>
		<pro_img>../../common/img/tool/med19.jpg</pro_img>
	</data>
	<data>
		<id>20</id>
		<type>感冒消炎</type>
		<name>小儿双清颗粒（颗粒）</name>
		<image>medicament20</image>
		<intro>药性平和，用于狗狗感冒消炎，效果极好，对狗狗有很好的帮助。</intro>
		<pro_img>../../common/img/tool/med20.jpg</pro_img>
	</data>
	<data>
		<id>21</id>
		<type>感冒消炎</type>
		<name>阿莫西林（药片）</name>
		<image>medicament21</image>
		<intro>用于治疗感冒的成熟产品，狗狗使用也很有效果。</intro>
		<pro_img>../../common/img/tool/med21.jpg</pro_img>
	</data>
	<data>
		<id>22</id>
		<type>健骨药</type>
		<name>葡萄糖酸钙片（药片）</name>
		<image>medicament22</image>
		<intro>可以让狗狗增加骨质密度，加速骨骼形成。</intro>
		<pro_img>../../common/img/tool/med22.jpg</pro_img>
	</data>
	<data>
		<id>23</id>
		<type>健骨药</type>
		<name>健骨生丸（颗粒）</name>
		<image>medicament23</image>
		<intro>用于促进狗狗的骨骼生长发育，对狗狗的身体成长有利。</intro>
		<pro_img>../../common/img/tool/med23.jpg</pro_img>
	</data>
	<data>
		<id>24</id>
		<type>健骨药</type>
		<name>钙片（药片）</name>
		<image>medicament24</image>
		<intro>可以有效的帮助狗狗补充足量的钙，有利于狗狗的骨骼成长。</intro>
		<pro_img>../../common/img/tool/med24.jpg</pro_img>
	</data>
	<data>
		<id>25</id>
		<type>防暑药</type>
		<name>藿香正气水（药剂）</name>
		<image>medicament25</image>
		<intro>可以让狗狗排出体热，预防中暑，缓解过热造成的身体不适。</intro>
		<pro_img>../../common/img/tool/med25.jpg</pro_img>
	</data>
	<data>
		<id>26</id>
		<type>防暑药</type>
		<name>十滴水（药剂）</name>
		<image>medicament26</image>
		<intro>有助于狗狗通气排热，消暑润肺，缓解身体不适。</intro>
		<pro_img>../../common/img/tool/med26.jpg</pro_img>
	</data>
	<data>
		<id>27</id>
		<type>防暑药</type>
		<name>风油精</name>
		<image>medicament27</image>
		<intro>将风油精抹于狗狗的额头，可以帮助狗狗提神醒脑，缓解热意。</intro>
		<pro_img>../../common/img/tool/med27.jpg</pro_img>
	</data>
	<data>
		<id>28</id>
		<type>防暑药</type>
		<name>仁丹（药丸）</name>
		<image>medicament28</image>
		<intro>捣碎溶解后给狗狗喂食，对晕眩、中暑等情况都有很好的效果。</intro>
		<pro_img>../../common/img/tool/med28.jpg</pro_img>
	</data>
	<data>
		<id>29</id>
		<type>滴眼药</type>
		<name>氯霉素眼药水（药剂）</name>
		<image>medicament29</image>
		<intro>使用后，让你的狗狗，更明目，消炎止菌效果好。</intro>
		<pro_img>../../common/img/tool/med29.jpg</pro_img>
	</data>
	<data>
		<id>30</id>
		<type>滴眼药</type>
		<name>润洁眼药水</name>
		<image>medicament30</image>
		<intro>缓解狗狗眼睛过度的疲劳，治疗各类眼部炎症。</intro>
		<pro_img>../../common/img/tool/med30.jpg</pro_img>
	</data>
	<data>
		<id>31</id>
		<type>止血药</type>
		<name>止血敏（药片）</name>
		<image>medicament31</image>
		<intro>增加狗狗血小板生成，增强血小板聚集和黏合。</intro>
		<pro_img>../../common/img/tool/med31.jpg</pro_img>
	</data>
	<data>
		<id>32</id>
		<type>止血药</type>
		<name>维生素K1片（药片）</name>
		<image>medicament32</image>
		<intro>增加狗狗血液凝结的能力，效果理想。</intro>
		<pro_img>../../common/img/tool/med32.jpg</pro_img>
	</data>
	<data>
		<id>33</id>
		<type>止血药</type>
		<name>云南红药胶囊（胶囊）</name>
		<image>medicament33</image>
		<intro>云南红药主要用于治疗狗狗胃溃疡类内出血。</intro>
		<pro_img>../../common/img/tool/med33.jpg</pro_img>
	</data>
	<data>
		<id>34</id>
		<type>止血药</type>
		<name>安络血（药片）</name>
		<image>medicament34</image>
		<intro>可以很有效的治疗狗狗毛细血管出血等症状。</intro>
		<pro_img>../../common/img/tool/med34.jpg</pro_img>
	</data>
	<data>
		<id>35</id>
		<type>皮肤病</type>
		<name>金霉素眼药软膏</name>
		<image>medicament35</image>
		<intro>对狗狗皮肤上的小脓包，效果很不错。</intro>
		<pro_img>../../common/img/tool/med35.jpg</pro_img>
	</data>
	<data>
		<id>36</id>
		<type>皮肤病</type>
		<name>百多邦抗生素软膏</name>
		<image>medicament36</image>
		<intro>对狗狗一些顽固的皮肤病也可以使用，有不错的效果奥。</intro>
		<pro_img>../../common/img/tool/med36.jpg</pro_img>
	</data>
	<data>
		<id>37</id>
		<type>外伤清理</type>
		<name>红药水</name>
		<image>medicament37</image>
		<intro>用于狗狗的新伤口，杀菌、抑菌且刺激性小，但不可用于口腔。</intro>
		<pro_img>../../common/img/tool/med37.jpg</pro_img>
	</data>
	<data>
		<id>38</id>
		<type>外伤清理</type>
		<name>紫药水</name>
		<image>medicament38</image>
		<intro>用于狗狗伤口愈合期，适合涂抹，帮助消菌结痂。</intro>
		<pro_img>../../common/img/tool/med38.jpg</pro_img>
	</data>
	<data>
		<id>39</id>
		<type>外伤清理</type>
		<name>碘酒</name>
		<image>medicament39</image>
		<intro>对于狗狗局部外伤感染，能有效杀菌，但刺激性强，皮肤破损的要谨慎。</intro>
		<pro_img>../../common/img/tool/med39.jpg</pro_img>
	</data>
</item>