<?xml version="1.0" encoding="UTF-8" ?>
	<retcode>
	<data>
		<type>1</type>
		<lefttext></lefttext>
		<righttext>无牙期</righttext>
	</data>
	<data>
		<type>2</type>
		<lefttext>1-15天</lefttext>
		<righttext>无牙齿，用手可以摸到嫩嫩的牙龈上有凸起的小包</righttext>
	</data>
	<data>
		<type>1</type>
		<lefttext></lefttext>
		<righttext>乳牙期</righttext>
	</data>
	<data>
		<type>2</type>
		<lefttext>20天左右</lefttext>
		<righttext>开始长牙，排列不规则，大小不一</righttext>
	</data>
	<data>
		<type>2</type>
		<lefttext>1个半月</lefttext>
		<righttext>乳齿长齐</righttext>
	</data>
	<data>
		<type>2</type>
		<lefttext>2-4个月</lefttext>
		<righttext>第一乳门齿换成恒齿</righttext>
	</data>
	<data>
		<type>2</type>
		<lefttext>5—6个月</lefttext>
		<righttext>第二、第三乳门齿及全部乳犬齿换成恒齿</righttext>
	</data>
	<data>
		<type>2</type>
		<lefttext>8个月</lefttext>
		<righttext>全部乳牙换成恒齿</righttext>
	</data>
	<data>
		<type>1</type>
		<lefttext></lefttext>
		<righttext>恒牙期</righttext>
	</data>
	<data>
		<type>2</type>
		<lefttext>1岁</lefttext>
		<righttext>恒齿全部长齐，门齿尖尖的</righttext>
	</data>
	<data>
		<type>2</type>
		<lefttext>1岁半</lefttext>
		<righttext>下颌第一门齿被磨平</righttext>
	</data>
	<data>
		<type>2</type>
		<lefttext>2岁半</lefttext>
		<righttext>下颌第二门齿被磨平</righttext>
	</data>
	<data>
		<type>2</type>
		<lefttext>3岁半</lefttext>
		<righttext>上颌第一门齿被磨平</righttext>
	</data>
	<data>
		<type>2</type>
		<lefttext>4岁半</lefttext>
		<righttext>上颌第一门齿被磨平</righttext>
	</data>
	<data>
		<type>2</type>
		<lefttext>5岁半</lefttext>
		<righttext>下颌第一，第二门齿有磨损，第三门齿有轻微磨损</righttext>
	</data>
	<data>
		<type>2</type>
		<lefttext>6岁半</lefttext>
		<righttext>下颌第三门齿尖峰磨灭，犬齿钝圆</righttext>
	</data>
	<data>
		<type>2</type>
		<lefttext>7岁半</lefttext>
		<righttext>下颌第一门齿磨损至齿根部，磨损面呈纵椭圆形</righttext>
	</data>
	<data>
		<type>2</type>
		<lefttext>8岁半</lefttext>
		<righttext>下颌第一门齿磨损向前方倾斜</righttext>
	</data>
	<data>
		<type>2</type>
		<lefttext>9岁半</lefttext>
		<righttext>下颌第二及上颌第一门齿磨损面呈纵椭圆形</righttext>
	</data>
	<data>
		<type>1</type>
		<lefttext></lefttext>
		<righttext>脱牙期</righttext>
	</data>
	<data>
		<type>2</type>
		<lefttext>16岁</lefttext>
		<righttext>门齿脱落，犬齿不全</righttext>
	</data>
	<data>
		<type>2</type>
		<lefttext>20岁</lefttext>
		<righttext>犬齿脱落</righttext>
	</data>
</retcode>
