<?xml version="1.0" encoding="UTF-8" ?>
<item>
	<data>
		<id>1</id>
		<name>20天左右</name>
		<intro>开始长牙，排列不规则，大小不一。</intro>
	</data>
	<data>
		<id>2</id>
		<name>1个半月</name>
		<intro>乳齿长齐，总计28枚。门齿上下各6枚，犬齿上下各2枚，前臼齿上下各6枚。</intro>
	</data>
	<data>
		<id>3</id>
		<name>2-4个月</name>
		<intro>第一乳门齿换成恒齿，即上下颌最中间的两个牙齿换牙。</intro>
	</data>
	<data>
		<id>4</id>
		<name>5—6个月</name>
		<intro>第二、第三乳门齿及全部乳犬齿换成恒齿。</intro>
	</data>
	<data>
		<id>5</id>
		<name>8个月</name>
		<intro>全部乳牙换成恒齿。</intro>
	</data>
	<data>
		<id>6</id>
		<name>1岁</name>
		<intro>恒齿全部长齐，总计42枚，门齿上下各6枚。犬齿上下各2枚，前臼齿上下各8枚，后臼齿上颌为4枚，下颌为6枚，形状都是尖尖的。</intro>
	</data>
	<data>
		<id>7</id>
		<name>1岁半</name>
		<intro>下颌第一门齿被磨平。</intro>
	</data>
	<data>
		<id>8</id>
		<name>2岁半</name>
		<intro>下颌第二门齿被磨平。</intro>
	</data>
	<data>
		<id>9</id>
		<name>3岁半</name>
		<intro>上颌第一门齿被磨平。</intro>
	</data>
	<data>
		<id>10</id>
		<name>4岁半</name>
		<intro>上颌第一门齿被磨平。</intro>
	</data>
	<data>
		<id>11</id>
		<name>5岁半</name>
		<intro>下颌第一，第二门齿有磨损，第三门齿有轻微磨损。</intro>
	</data>
	<data>
		<id>12</id>
		<name>6岁半</name>
		<intro>下颌第三门齿尖峰磨灭，犬齿钝圆。</intro>
	</data>
	<data>
		<id>13</id>
		<name>7岁半</name>
		<intro>下颌第一门齿磨损至齿根部，磨损面呈纵椭圆形。</intro>
	</data>
	<data>
		<id>14</id>
		<name>8岁半</name>
		<intro>下颌第一门齿磨损向前方倾斜。</intro>
	</data>
	<data>
		<id>15</id>
		<name>9岁半</name>
		<intro>下颌第二及上颌第一门齿磨损面呈纵椭圆形。</intro>
	</data>
</item>	
