{
    "化验": [
        {
            "name": "采血费",
            "price": "30元/次",
            "remark": ""
        },
        {
            "name": "血液常规检查(五分类1)",
            "price": "50元/次",
            "remark": "免采血费"
        }
    ],
    "肿瘤手术":[
        {
            "name": "肿瘤",
            "price": "40元/次",
            "remark": "肿瘤肿瘤"
        }
       
    ],
    "内分泌手术":[
        {
            "name": "内分泌",
            "price": "50元/次",
            "remark": "手术"
        }
    ]
}