{
    "化验": [
        {
            "name": "采血费",
            "price": "30元/次",
            "remark": ""
        },
        {
            "name": "血液常规检查(五分类1)",
            "price": "50元/次",
            "remark": "免采血费"
        },
        {
            "name": "血液常规(五分类2)",
            "price": "120元/次",
            "remark": "免采血费"
        },
        {
            "name": "红细胞形态学检查",
            "price": "30元/次",
            "remark": "单做时采血费另计"
        },
        {
            "name": "白细胞形态学检查",
            "price": "30元/次",
            "remark": "单做时采血费另计"
        },
        {
            "name": "焦虫血液涂片检查",
            "price": "90元/次",
            "remark": "含采血费"
        },
        {
            "name": "锥虫血液涂片检查",
            "price": "90元/次",
            "remark": "含采血费"
        },
        {
            "name": "血巴尔通体检查",
            "price": "90元/次",
            "remark": "含采血费"
        },
        {
            "name": "自体凝集",
            "price": "30元/次",
            "remark": "含采血费"
        },
        {
            "name": "配血试验(主侧)",
            "price": "160元/只",
            "remark": "含采血费"
        },
        {
            "name": "血糖检查(单侧)",
            "price": "45/次",
            "remark": "含采血费"
        },
        {
            "name": "糖化血红蛋白",
            "price": "200元/次",
            "remark": "含采血费"
        },
        {
            "name": "全项",
            "price": "450元/次",
            "remark": "含采血费"
        },
        {
            "name": "术前1",
            "price": "180元/只",
            "remark": "含采血费"
        },
        {
            "name": "术前2",
            "price": "240元/只",
            "remark": "含采血费"
        },
        {
            "name": "肝指标",
            "price": "240元/只",
            "remark": "含采血费"
        },
        {
            "name": "肾指标",
            "price": "210元/只",
            "remark": "含采血费"
        },
        {
            "name": "胰腺指标",
            "price": "410元/只",
            "remark": "含采血费"
        },
        {
            "name": "体检",
            "price": "280元/只",
            "remark": "含采血费"
        },
        {
            "name": "钠、钾、氯3项离子联合检查",
            "price": "60元/次",
            "remark": "单做时采血费另计"
        },
        {
            "name": "果糖胺检查",
            "price": "35/次",
            "remark": "单做时采血费另计"
        },
        {
            "name": "血氨检查",
            "price": "50元/次",
            "remark": "单做时采血费另计"
        },
        {
            "name": "生化单项",
            "price": "35/项",
            "remark": "不含采血费"
        },
        {
            "name": "APTT",
            "price": "95/次",
            "remark": "含采血费"
        },
        {
            "name": "PT",
            "price": "95/次",
            "remark": "含采血费"
        },
        {
            "name": "静脉血气检查",
            "price": "180元/次",
            "remark": "含采血费"
        },
        {
            "name": "皮肤常规检查",
            "price": "60元/次",
            "remark": "含显微镜检查"
        },
        {
            "name": "耳分泌物检查",
            "price": "60元/次",
            "remark": "含显微镜检查"
        },
        {
            "name": "血液lgE检查",
            "price": "130元/次",
            "remark": "含采血费"
        },
        {
            "name": "过敏源检查",
            "price": "1300元/次",
            "remark": "含采血费"
        },
        {
            "name": "犬细小病毒检查(CPV)",
            "price": "60元/次",
            "remark": ""
        },
        {
            "name": "犬瘟热病毒检查(CCV)",
            "price": "70元/次",
            "remark": ""
        },
        {
            "name": "犬冠状病毒检查(CDV)",
            "price": "60元/次",
            "remark": ""
        },
        {
            "name": "粪便常规检查(直接镜检)",
            "price": "30元/次",
            "remark": "不含潜血试纸检查"
        },
        {
            "name": "粪便潜血试纸检查",
            "price": "10元/次",
            "remark": ""
        },
        {
            "name": "粪便漂浮试验",
            "price": "80元/次",
            "remark": ""
        },
        {
            "name": "粪便沉淀实验",
            "price": "80元/次",
            "remark": ""
        },
        {
            "name": "粪便胰蛋白酶检查",
            "price": "10元/次",
            "remark": ""
        },
        {
            "name": "尿液常规检查",
            "price": "60元/次",
            "remark": "含沉淀镜检"
        },
        {
            "name": "UPC",
            "price": "100元/次",
            "remark": ""
        },
        {
            "name": "尿比重检查",
            "price": "10元/次",
            "remark": "不含化学性质和沉渣镜检"
        },
        {
            "name": "CPL",
            "price": "230元/次",
            "remark": "含采血费"
        },
        {
            "name": "FeLV/FIV",
            "price": "195/只",
            "remark": "含采血费"
        },
        {
            "name": "IDeXX SNAP 4D",
            "price": "180元/只",
            "remark": "含采血费"
        },
        {
            "name": "胸腔积液检查",
            "price": "80元/只",
            "remark": "不含生化单项"
        },
        {
            "name": "腹腔积液检查",
            "price": "80元/次",
            "remark": "不含生化单项"
        },
        {
            "name": "脑脊液检查",
            "price": "80元/只",
            "remark": ""
        },
        {
            "name": "关节液检查",
            "price": "80元/只",
            "remark": ""
        },
        {
            "name": "三联抗体",
            "price": "190元/只",
            "remark": "含采血费"
        },
        {
            "name": "弓形虫lgG检测(MAT法)",
            "price": "190元/次",
            "remark": "含采血费"
        },
        {
            "name": "fT4",
            "price": "150元/只",
            "remark": "含采血费"
        },
        {
            "name": "T4检测",
            "price": "150元/次",
            "remark": ""
        },
        {
            "name": "ACTH(15Kg以下)",
            "price": "480元/只",
            "remark": "含采血费"
        },
        {
            "name": "ATCH(大于等于15Kg)",
            "price": "620元/只",
            "remark": "含采血费"
        },
        {
            "name": "低剂量地米抑制试验",
            "price": "450元/只",
            "remark": "含采血费"
        },
        {
            "name": "高剂量地米抑制试验",
            "price": "450元/只",
            "remark": "含采血费"
        },
        {
            "name": "孕酮",
            "price": "150元/只",
            "remark": "含采血费"
        },
        {
            "name": "雌激素",
            "price": "150元/只",
            "remark": "含采血费"
        },
        {
            "name": "睾酮",
            "price": "150元/只",
            "remark": "含采血费"
        },
        {
            "name": "需氧培养",
            "price": "220元/只",
            "remark": ""
        },
        {
            "name": "厌氧培养",
            "price": "290元/只",
            "remark": ""
        }
    ],
    "肿瘤手术": [
        {
            "name": "眼睑肿瘤切除手术",
            "price": "400元/次",
            "remark": "不含麻醉，药费另计"
        },
        {
            "name": "眼睑整形术",
            "price": "1000元/次",
            "remark": "不含麻醉，药费另计"
        },
        {
            "name": "鼻腔肿瘤切除手术",
            "price": "2000元/次",
            "remark": "不含麻醉，药费另计"
        },
        {
            "name": "犬口腔乳头状瘤切除手术",
            "price": "400元/次",
            "remark": "不含麻醉，药费另计"
        },
        {
            "name": "下颌骨部分切除手术",
            "price": "1200元/次",
            "remark": "不含麻醉，药费另计"
        },
        {
            "name": "单侧乳腺全切术(小型犬)",
            "price": "1200元/侧",
            "remark": "不含麻醉，药费另计"
        },
        {
            "name": "单侧乳腺全切术(中型犬)",
            "price": "1700元/侧",
            "remark": "不含麻醉，药费另计"
        },
        {
            "name": "单侧乳腺全切术(大型犬)",
            "price": "2500元/侧",
            "remark": "不含麻醉，药费另计"
        },
        {
            "name": "乳腺瘤切除术(d<2cm)",
            "price": "300元/次",
            "remark": "不含麻醉，药费另计"
        },
        {
            "name": "乳腺瘤切除术(2cm<d<4cm)",
            "price": "500元/次",
            "remark": "不含麻醉，药费另计"
        },
        {
            "name": "乳腺瘤切除术(4cm<d<10cm)",
            "price": "900元/次",
            "remark": "不含麻醉，药费另计"
        },
        {
            "name": "乳腺瘤切除术(d>10cm)",
            "price": "1500元/次",
            "remark": "不含麻醉，药费另计"
        },
        {
            "name": "阴道肿瘤切除术(经会阴切开)",
            "price": "800元/次",
            "remark": "不含麻醉，药费另计"
        },
        {
            "name": "带蒂阴道肿瘤(不经会阴道部切开)",
            "price": "300元/次",
            "remark": "不含麻醉，药费另计"
        },
        {
            "name": "肛周肿瘤切除术(1个)",
            "price": "400元/次",
            "remark": "不含麻醉，药费另计"
        },
        {
            "name": "肛周肿瘤切除术(大于等于2个)",
            "price": "600元/次",
            "remark": "不含麻醉，药费另计"
        },
        {
            "name": "肛周环切术(含双侧肛囊切除)",
            "price": "1800元/次",
            "remark": "不含麻醉，药费另计"
        },
        {
            "name": "体表肿瘤切除术(d<2cm)",
            "price": "200元/个",
            "remark": "不含麻醉，药费另计"
        },
        {
            "name": "体表肿瘤切除术(2cm<d<4cm)",
            "price": "400元/个",
            "remark": "不含麻醉，药费另计"
        },
        {
            "name": "体表肿瘤切除术(4cm<d<10cm)",
            "price": "800元/个",
            "remark": "不含麻醉，药费另计"
        },
        {
            "name": "体表肿瘤切除术(d>10cm)",
            "price": "1300元/个",
            "remark": "不含麻醉，药费另计"
        },
        {
            "name": "皮瓣整形术",
            "price": "1000元/个",
            "remark": "不含麻醉，药费另计"
        },
        {
            "name": "齿龈瘤切除术(d<2cm)",
            "price": "200元/次",
            "remark": "不含麻醉，药费另计"
        },
        {
            "name": "齿龈瘤切除术(2cm<d<4cm)",
            "price": "400元/次",
            "remark": "不含麻醉，药费另计"
        },
        {
            "name": "齿龈瘤切除术(d>4cm)",
            "price": "800元/次",
            "remark": "不含麻醉，药费另计"
        },
        {
            "name": "脾肿瘤切除术(小型犬)",
            "price": "600元/次",
            "remark": "不含麻醉和药费，不含开腹"
        },
        {
            "name": "脾肿瘤切除术(中型犬)",
            "price": "800元/次",
            "remark": "不含麻醉和药费，不含开腹"
        },
        {
            "name": "脾肿瘤切除术(大型犬)",
            "price": "1200元/次",
            "remark": "不含麻醉和药费，不含开腹"
        },
        {
            "name": "肝肿瘤切除术",
            "price": "2500元/次",
            "remark": "不含麻醉和药费，不含开腹"
        },
        {
            "name": "肾肿瘤切除术",
            "price": "1500元/次",
            "remark": "不含麻醉和药费，不含开腹"
        },
        {
            "name": "膀胱肿瘤切除术(小型犬)",
            "price": "700元/次",
            "remark": "不含麻醉和药费，不含开腹"
        },
        {
            "name": "膀胱肿瘤切除术(中型犬)",
            "price": "1000元/次",
            "remark": "不含麻醉和药费，不含开腹"
        },
        {
            "name": "膀胱肿瘤切除术(大型犬)",
            "price": "1500元/次",
            "remark": "不含麻醉和药费，不含开腹"
        },
        {
            "name": "腹内肿瘤切除术",
            "price": "1000次",
            "remark": ""
        }
    ],
    "内分泌手术": [
        {
            "name": "甲状腺切除术",
            "price": "700元/侧",
            "remark": "不含麻醉，药费另计"
        },
        {
            "name": "肾上腺切除术",
            "price": "1500元/侧",
            "remark": "不含麻醉和药费，不含开腹"
        },
        {
            "name": "胰腺部分切除术",
            "price": "2500元/侧",
            "remark": "不含麻醉和药费，不含开腹"
        }
    ],
    "骨科手术": [
        {
            "name": "绷带外固定术(小型犬)",
            "price": "150元/侧",
            "remark": "不含麻醉、材料费和药费"
        },
        {
            "name": "绷带外固定术(中型犬)",
            "price": "260元/侧",
            "remark": "不含麻醉、材料费和药费"
        },
        {
            "name": "绷带外固定术(大型犬)",
            "price": "500元/侧",
            "remark": "不含麻醉、材料费和药费"
        },
        {
            "name": "夹板外固定(小型犬)",
            "price": "300元/侧",
            "remark": "不含麻醉、材料费和药费"
        },
        {
            "name": "夹板外固定(中型犬)",
            "price": "500元/侧",
            "remark": "不含麻醉、材料费和药费"
        },
        {
            "name": "夹板外固定(大型犬)",
            "price": "800元/侧",
            "remark": "不含麻醉、材料费和药费"
        },
        {
            "name": "托马斯支架外固定(小型犬)",
            "price": "500元/侧",
            "remark": "不含麻醉、材料费和药费"
        },
        {
            "name": "托马斯支架外固定(中型犬)",
            "price": "700元/侧",
            "remark": "不含麻醉、材料费和药费"
        },
        {
            "name": "托马斯支架外固定(大型犬)",
            "price": "1000元/侧",
            "remark": "不含麻醉、材料费和药费"
        },
        {
            "name": "正骨",
            "price": "200元/部位",
            "remark": "不含麻醉、材料费和药费"
        },
        {
            "name": "脱臼整复术(闭合整复)",
            "price": "600元/部位",
            "remark": "不含麻醉、材料费和药费"
        },
        {
            "name": "脱臼整复术(开放整复)",
            "price": "2500元/部位",
            "remark": "不含麻醉、材料费和药费"
        },
        {
            "name": "股骨头切除术(小型犬)",
            "price": "1500元/侧",
            "remark": "不含麻醉、材料费和药费"
        },
        {
            "name": "股骨头切除术(中型犬)",
            "price": "2000元/侧",
            "remark": "不含麻醉、材料费和药费"
        },
        {
            "name": "股骨头切除术(大型犬)",
            "price": "2500元/侧",
            "remark": "不含麻醉、材料费和药费"
        },
        {
            "name": "股骨头置换术",
            "price": "8000元/侧",
            "remark": "不含麻醉、材料费和药费"
        },
        {
            "name": "髌骨脱位侧韧带再造术",
            "price": "800元/侧",
            "remark": "不含麻醉、材料费和药费"
        },
        {
            "name": "前/后十字韧带修补术(小型犬)",
            "price": "1500元/侧",
            "remark": "不含麻醉、材料费和药费"
        },
        {
            "name": "前/后十字韧带修补术(中型犬)",
            "price": "2000元/侧",
            "remark": "不含麻醉、材料费和药费"
        },
        {
            "name": "前/后十字韧带修补术(大型犬)",
            "price": "3000元/侧",
            "remark": "不含麻醉、材料费和药费"
        },
        {
            "name": "滑车再造术",
            "price": "2000元/侧",
            "remark": "不含麻醉、材料费和药费"
        },
        {
            "name": "滑车再造及胫骨结节移位术",
            "price": "3000元/侧",
            "remark": "不含麻醉、材料费和药费"
        },
        {
            "name": "下颌骨骨折内固定术(污染手术)",
            "price": "500元/处",
            "remark": "不含麻醉、材料费和药费"
        },
        {
            "name": "下颌骨骨折内固定术(清洁手术)(骨板)",
            "price": "2000元/处",
            "remark": "不含麻醉、材料费和药费"
        },
        {
            "name": "下颌骨骨折内固定术(污染手术)(钢丝)",
            "price": "1000元/处",
            "remark": "不含麻醉、材料费和药费"
        },
        {
            "name": "外固定支架固定术",
            "price": "2000元/处",
            "remark": "不含麻醉、材料费和药费"
        },
        {
            "name": "四肢骨折内固定术(髓内针)",
            "price": "1500元/处",
            "remark": "不含麻醉、材料费和药费"
        },
        {
            "name": "四肢骨折内固定术(骨板)(小型犬)",
            "price": "2000元/处",
            "remark": "不含麻醉、材料费和药费"
        },
        {
            "name": "四肢骨折内固定术(骨板)(中型犬)",
            "price": "2500元/处",
            "remark": "不含麻醉、材料费和药费"
        },
        {
            "name": "四肢骨折内固定术(骨板)(大型犬)",
            "price": "3000元/处",
            "remark": "不含麻醉、材料费和药费"
        },
        {
            "name": "骨盆骨折内固定术(小型犬)",
            "price": "2000元/处",
            "remark": "不含麻醉、材料费和药费"
        },
        {
            "name": "骨盆骨折内固定术(中型犬)",
            "price": "3000元/处",
            "remark": "不含麻醉、材料费和药费"
        },
        {
            "name": "骨盆骨折内固定术(大型犬)",
            "price": "4000元/处",
            "remark": "不含麻醉、材料费和药费"
        },
        {
            "name": "自体松质骨移植",
            "price": "500元/处",
            "remark": "不含麻醉、材料费和药费"
        },
        {
            "name": "陈旧性骨折内固定",
            "price": "原有费用加50%",
            "remark": "不含麻醉、材料费和药费"
        },
        {
            "name": "骨折内固定二次手术",
            "price": "原有费用加100%",
            "remark": "不含麻醉、材料费和药费"
        },
        {
            "name": "骨针、骨螺钉取出术(本院)",
            "price": "100元/个",
            "remark": "不含麻醉、材料费和药费"
        },
        {
            "name": "骨针、骨螺钉取出术(外本院)",
            "price": "300元/个",
            "remark": "不含麻醉、材料费和药费"
        },
        {
            "name": "骨板取出术(本院)",
            "price": "500元/个",
            "remark": "不含麻醉、材料费和药费"
        },
        {
            "name": "骨板取出术(非本院)",
            "price": "1000元/个",
            "remark": "不含麻醉、材料费和药费"
        },
        {
            "name": "截肢术(小型犬)",
            "price": "500元/侧",
            "remark": "不含麻醉、材料费和药费"
        },
        {
            "name": "截肢术(中型犬)",
            "price": "700元/侧",
            "remark": "不含麻醉、材料费和药费"
        },
        {
            "name": "截肢术(大型犬)",
            "price": "1000元/侧",
            "remark": "不含麻醉、材料费和药费"
        },
        {
            "name": "关节融合术",
            "price": "1500元/次",
            "remark": "不含麻醉、材料费和药费"
        },
        {
            "name": "椎间盘脱出修复术(开窗术)",
            "price": "5000元/次",
            "remark": "不含麻醉、材料费和药费"
        },
        {
            "name": "椎间盘脱出修复术(椎板切除)",
            "price": "8000元/次",
            "remark": "不含麻醉、材料费和药费"
        },
        {
            "name": "脊椎骨折/不稳定内固定(小型犬)",
            "price": "3000元/次",
            "remark": ""
        },
        {
            "name": "脊椎骨折/不稳定内固定(中型犬)",
            "price": "4000元/次",
            "remark": ""
        },
        {
            "name": "脊椎骨折/不稳定内固定(大型犬)",
            "price": "5000元/次",
            "remark": ""
        },
        {
            "name": "椎间盘突出修复术(小型犬)",
            "price": "4000元/次",
            "remark": ""
        },
        {
            "name": "椎间盘突出修复术(中型犬)",
            "price": "5000元/次",
            "remark": ""
        },
        {
            "name": "椎间盘突出修复术(大型犬)",
            "price": "6000元/次",
            "remark": ""
        }
    ],
    "疝系列手术": [
        {
            "name": "膈疝修补术",
            "price": "1500元/次",
            "remark": "不含麻醉和开腹，药费另计"
        },
        {
            "name": "脐疝修补术",
            "price": "350元/次",
            "remark": "不含麻醉，药费另计"
        },
        {
            "name": "腹壁疝修补术(视手术难易程度)",
            "price": "700～1500\n/部位",
            "remark": "不含麻醉，药费另计"
        },
        {
            "name": "腹股沟疝修补术",
            "price": "500元/次",
            "remark": "不含麻醉，药费另计"
        },
        {
            "name": "会阴疝修补术",
            "price": "1200元/次",
            "remark": "不含麻醉，药费另计"
        }
    ],
    "腹腔手术": [
        {
            "name": "开腹术(含探查)(小型犬)",
            "price": "400元/次",
            "remark": "不含麻醉和开腹，药费另计"
        },
        {
            "name": "开腹术(含探查)(中型犬)",
            "price": "600元/次",
            "remark": "不含麻醉和开腹，药费另计"
        },
        {
            "name": "开腹术(含探查)(大型犬)",
            "price": "800元/次",
            "remark": "不含麻醉和开腹，药费另计"
        },
        {
            "name": "胃切开术",
            "price": "450元/次",
            "remark": "不含麻醉和开腹，药费另计"
        },
        {
            "name": "胃扭转整复固定术",
            "price": "1500元/次",
            "remark": "不含麻醉和开腹，药费另计"
        },
        {
            "name": "胃人工造瘘术",
            "price": "400元/次",
            "remark": "不含麻醉和开腹，药费另计"
        },
        {
            "name": "内窥镜取消化道异物",
            "price": "1000元/次",
            "remark": "不含麻醉和开腹，药费另计"
        },
        {
            "name": "幽门矫形术",
            "price": "500元/次",
            "remark": "不含麻醉和开腹，药费另计"
        },
        {
            "name": "胃冲洗",
            "price": "500元/次",
            "remark": "不含麻醉和开腹，药费另计"
        },
        {
            "name": "胃内陷缝合术",
            "price": "600元/处",
            "remark": "不含麻醉和开腹，药费另计"
        },
        {
            "name": "胃部分切除术",
            "price": "1000元/次",
            "remark": "不含麻醉和开腹，药费另计"
        },
        {
            "name": "肠管切开术",
            "price": "400元/处",
            "remark": "不含麻醉和开腹，药费另计"
        },
        {
            "name": "肠管切除吻合术",
            "price": "800元/次",
            "remark": "不含麻醉和开腹，药费另计"
        },
        {
            "name": "肠套叠整复",
            "price": "300元/次",
            "remark": "不含麻醉和开腹，药费另计"
        },
        {
            "name": "肠袢固定术",
            "price": "600元/次",
            "remark": "不含麻醉和开腹，药费另计"
        },
        {
            "name": "结肠固定术",
            "price": "600元/次",
            "remark": "不含麻醉和开腹，药费另计"
        },
        {
            "name": "巨结肠切除吻合术",
            "price": "1000元/次",
            "remark": "不含麻醉和开腹，药费另计"
        },
        {
            "name": "直肠切除术",
            "price": "600元/次",
            "remark": "不含麻醉和开腹，药费另计"
        },
        {
            "name": "直肠脱整复缝合",
            "price": "500元/次",
            "remark": "不含麻醉和开腹，药费另计"
        },
        {
            "name": "锁肛修复术",
            "price": "800元/次",
            "remark": "不含麻醉和开腹，药费另计"
        },
        {
            "name": "脾脏摘除术(小型犬)",
            "price": "400元/次",
            "remark": "不含麻醉和开腹，药费另计"
        },
        {
            "name": "脾脏摘除术(中型犬)",
            "price": "500元/次",
            "remark": "不含麻醉和开腹，药费另计"
        },
        {
            "name": "脾脏摘除术(大型犬)",
            "price": "700元/次",
            "remark": "不含麻醉和开腹，药费另计"
        },
        {
            "name": "肝脏部分切除术",
            "price": "2000元/次",
            "remark": "不含麻醉和开腹，药费另计"
        },
        {
            "name": "胆囊/胆管切开术",
            "price": "800元/次",
            "remark": "不含麻醉和开腹，药费另计"
        },
        {
            "name": "胆囊十二指肠吻合术",
            "price": "2000元/次",
            "remark": "不含麻醉和开腹，药费另计"
        },
        {
            "name": "胆囊摘除术",
            "price": "1000元/次",
            "remark": "不含麻醉和开腹，药费另计"
        },
        {
            "name": "腹腔导管放置",
            "price": "300元/次",
            "remark": "不含麻醉和开腹，药费另计"
        },
        {
            "name": "肝外门体分流矫正术",
            "price": "1500元/次",
            "remark": "不含麻醉和开腹，药费另计"
        },
        {
            "name": "开腹腹腔冲洗(小型犬)",
            "price": "200元/次",
            "remark": "不含麻醉和开腹，药费另计"
        },
        {
            "name": "开腹腹腔冲洗(中型犬)",
            "price": "350元/次",
            "remark": "不含麻醉和开腹，药费另计"
        },
        {
            "name": "开腹腹腔冲洗(大型犬)",
            "price": "600元/次",
            "remark": "不含麻醉和开腹，药费另计"
        },
        {
            "name": "经腹导管腹腔冲洗",
            "price": "50元/次",
            "remark": "不含麻醉和开腹，药费另计"
        }
    ],
    "胸腔手术": [
        {
            "name": "开胸术(小型犬)",
            "price": "1200元/次",
            "remark": "不含麻醉，药费另计"
        },
        {
            "name": "开胸术(小型犬)",
            "price": "1800元/次",
            "remark": "不含麻醉，药费另计"
        },
        {
            "name": "开胸术(小型犬)",
            "price": "2500元/次",
            "remark": "不含麻醉，药费另计"
        },
        {
            "name": "食道异物(经口腔)",
            "price": "500元/次",
            "remark": "不含麻醉，药费另计"
        },
        {
            "name": "食道异物(经颈部食道)",
            "price": "700元/次",
            "remark": "不含麻醉，药费另计"
        },
        {
            "name": "食道异物(经胸腔,不含开胸费)",
            "price": "1000元/次",
            "remark": "不含麻醉，药费另计"
        },
        {
            "name": "食道异物(经胃,不含开腹费)",
            "price": "1200元/次",
            "remark": "不含麻醉，药费另计"
        },
        {
            "name": "肺切除术",
            "price": "1500元/叶",
            "remark": "不含麻醉和开腹，药费另计"
        },
        {
            "name": "永久性动脉弓",
            "price": "1800元/次",
            "remark": "不含麻醉和开腹，药费另计"
        },
        {
            "name": "胸外气管切开术",
            "price": "500元/次",
            "remark": "不含麻醉，药费另计"
        },
        {
            "name": "气管切开术",
            "price": "400元/次",
            "remark": "不含麻醉，药费另计"
        },
        {
            "name": "胸导管放置",
            "price": "500元/次",
            "remark": "不含麻醉，药费另计"
        },
        {
            "name": "经胸导管胸腔冲洗",
            "price": "50元/次",
            "remark": "不含麻醉，药费另计"
        },
        {
            "name": "开胸胸腔冲洗(小型犬)",
            "price": "300元/次",
            "remark": "不含麻醉，药费另计"
        },
        {
            "name": "开胸胸腔冲洗(中型犬)",
            "price": "400元/次",
            "remark": "不含麻醉，药费另计"
        },
        {
            "name": "开胸胸腔冲洗(大型犬)",
            "price": "600元/次",
            "remark": "不含麻醉，药费另计"
        }
    ],
    "笼位费": [
        {
            "name": "小笼位",
            "price": "50元/日",
            "remark": "<=10Kg小笼位,>10Kg大笼位"
        },
        {
            "name": "大笼位",
            "price": "100元/日",
            "remark": "<=10Kg小笼位,>10Kg大笼位"
        },
        {
            "name": "单间",
            "price": "300元/日",
            "remark": ""
        }
    ],
    "吸氧费": [
        {
            "name": "普通吸氧",
            "price": "40元/小时",
            "remark": "超出6小时按240元/日收费;不满6小时,按小时收费"
        },
        {
            "name": "氧箱吸氧",
            "price": "50元/小时",
            "remark": "超出6小时按240元/日收费;不满6小时,按小时收费"
        }
    ],
    "护理费": [
        {
            "name": "重症监护费",
            "price": "80元/小时",
            "remark": ""
        },
        {
            "name": "一级护理",
            "price": "300元/日",
            "remark": ""
        },
        {
            "name": "二级护理",
            "price": "200元/日",
            "remark": ""
        },
        {
            "name": "三级护理",
            "price": "100元/日",
            "remark": ""
        }
    ],
    "保定费": [
        {
            "name": "保定费",
            "price": "30元/人次",
            "remark": "主人自己保定，则不收费"
        }
    ],
    "住院押金": [
        {
            "name": "普通内、外科",
            "price": "5000元/只",
            "remark": "每日花销从押金中扣，不足500时需主任及时补费"
        },
        {
            "name": "重症病例",
            "price": "1000元/只",
            "remark": "每日花销从押金中扣，不足500时需主任及时补费"
        }
    ],
    "放射检查项目": [
        {
            "name": "普通X线片检查(8x10)",
            "price": "70元/张",
            "remark": "曝光两次，费用另计"
        },
        {
            "name": "普通X线片检查(11x14)",
            "price": "80元/张",
            "remark": "曝光两次，费用另计"
        },
        {
            "name": "曝光两次(普通X线片)",
            "price": "50元/张",
            "remark": ""
        },
        {
            "name": "DR(8x10)",
            "price": "125/张",
            "remark": "不能两次曝光"
        },
        {
            "name": "DR(11x14)",
            "price": "135/张",
            "remark": "不能两次曝光"
        },
        {
            "name": "DR(14x17)",
            "price": "140元/张",
            "remark": "不能两次曝光"
        },
        {
            "name": "食道造影",
            "price": "300元/次",
            "remark": "造影套餐不包括麻醉费"
        },
        {
            "name": "上消化道造影(胃、小肠)",
            "price": "500元/次",
            "remark": "造影套餐不包括麻醉费"
        },
        {
            "name": "下消化道造影(大肠)(阳性或阴性造影)",
            "price": "330元/次",
            "remark": "造影套餐不包括麻醉费"
        },
        {
            "name": "逆行性尿路造影(阳性、阴性或双重造影)",
            "price": "330元/次",
            "remark": "造影套餐不包括麻醉费"
        },
        {
            "name": "排泄性尿路造影",
            "price": "580元/次",
            "remark": "造影套餐不包括麻醉费"
        },
        {
            "name": "胸导管造影",
            "price": "1330元/次",
            "remark": "造影套餐不包括麻醉费"
        },
        {
            "name": "超声引导门静脉造影",
            "price": "1300元/次",
            "remark": "造影套餐不包括麻醉费"
        },
        {
            "name": "手术静脉造影",
            "price": "1500元/次",
            "remark": "造影套餐不包括麻醉费"
        },
        {
            "name": "脊髓造影",
            "price": "1500元/次",
            "remark": "造影套餐不包括麻醉费"
        },
        {
            "name": "窦道造影",
            "price": "50元/次",
            "remark": "造影套餐不包括麻醉费"
        }
    ],
    "超声项目": [
        {
            "name": "肝胆/脾/胰/肾/膀胱(小、中型犬)",
            "price": "120元/次",
            "remark": "含超声检查、工作站及彩打报告费用"
        },
        {
            "name": "肝胆/脾/胰/肾/膀胱(大型犬)",
            "price": "160元/次",
            "remark": "含超声检查、工作站及彩打报告费用"
        },
        {
            "name": "前列腺/睾丸/膝关节(小、中型犬)",
            "price": "120元/次",
            "remark": "含超声检查、工作站及彩打报告费用"
        },
        {
            "name": "前列腺/睾丸/膝关节(大型犬)",
            "price": "160元/次",
            "remark": "含超声检查、工作站及彩打报告费用"
        },
        {
            "name": "体表肿物(部位、数量)",
            "price": "120元/次",
            "remark": "含超声检查、工作站及彩打报告费用"
        },
        {
            "name": "胸膜腔/腹膜腔积液(小、中型犬)",
            "price": "120元/次",
            "remark": "含超声检查、工作站及彩打报告费用"
        },
        {
            "name": "胸膜腔/腹膜腔积液(大型犬)",
            "price": "160元/次",
            "remark": "含超声检查、工作站及彩打报告费用"
        },
        {
            "name": "消化/泌尿(小、中型犬)",
            "price": "220元/次",
            "remark": "含超声检查、工作站及彩打报告费用"
        },
        {
            "name": "消化/泌尿(大型犬)",
            "price": "280元/次",
            "remark": "含超声检查、工作站及彩打报告费用"
        },
        {
            "name": "生殖系统(小、中型犬)",
            "price": "170元/次",
            "remark": "含超声检查、工作站及彩打报告费用"
        },
        {
            "name": "生殖系统(大型犬)",
            "price": "240元/次",
            "remark": "含超声检查、工作站及彩打报告费用"
        },
        {
            "name": "体腔肿块/胃肠道(小、中型犬)",
            "price": "290元/次",
            "remark": "含超声检查、工作站及彩打报告费用"
        },
        {
            "name": "体腔肿块/胃肠道(大型犬)",
            "price": "360元/次",
            "remark": "含超声检查、工作站及彩打报告费用"
        },
        {
            "name": "心脏",
            "price": "520元/次",
            "remark": "含超声检查、工作站及彩打报告费用"
        },
        {
            "name": "肾上腺/甲状腺/眼部(小、中型犬)",
            "price": "170元/次",
            "remark": "含超声检查、工作站及彩打报告费用"
        },
        {
            "name": "肾上腺/甲状腺/眼部(大型犬)",
            "price": "200元/次",
            "remark": "含超声检查、工作站及彩打报告费用"
        }
    ],
    "超声引导": [
        {
            "name": "穿刺取样(体表肿物)(小型犬)",
            "price": "110元/次",
            "remark": "仅超声引导费，不含操作、材料及药费"
        },
        {
            "name": "穿刺取样(体表肿物)(中型犬)",
            "price": "110元/次",
            "remark": "仅超声引导费，不含操作、材料及药费"
        },
        {
            "name": "穿刺取样(体表肿物)(大型犬)",
            "price": "160元/次",
            "remark": "仅超声引导费，不含操作、材料及药费"
        },
        {
            "name": "穿刺取样(尿液)(小型犬)",
            "price": "110元/次",
            "remark": "仅超声引导费，不含操作、材料及药费"
        },
        {
            "name": "穿刺取样(尿液)(中型犬)",
            "price": "110元/次",
            "remark": "仅超声引导费，不含操作、材料及药费"
        },
        {
            "name": "穿刺取样(尿液)(大型犬)",
            "price": "160元/次",
            "remark": "仅超声引导费，不含操作、材料及药费"
        },
        {
            "name": "穿刺取样(腹腔积液)(小型犬)",
            "price": "110元/次",
            "remark": "仅超声引导费，不含操作、材料及药费"
        },
        {
            "name": "穿刺取样(腹腔积液)(中型犬)",
            "price": "110元/次",
            "remark": "仅超声引导费，不含操作、材料及药费"
        },
        {
            "name": "穿刺取样(腹腔积液)(大型犬)",
            "price": "160元/次",
            "remark": "仅超声引导费，不含操作、材料及药费"
        },
        {
            "name": "穿刺取样(腹内肿物)(小型犬)",
            "price": "200元/次",
            "remark": "仅超声引导费，不含操作、材料及药费"
        },
        {
            "name": "穿刺取样(腹内肿物)(中型犬)",
            "price": "200元/次",
            "remark": "仅超声引导费，不含操作、材料及药费"
        },
        {
            "name": "穿刺取样(腹内肿物)(大型犬)",
            "price": "240元/次",
            "remark": "仅超声引导费，不含操作、材料及药费"
        },
        {
            "name": "穿刺取样(淋巴结)(小型犬)",
            "price": "200元/次",
            "remark": "仅超声引导费，不含操作、材料及药费"
        },
        {
            "name": "穿刺取样(淋巴结)(中型犬)",
            "price": "200元/次",
            "remark": "仅超声引导费，不含操作、材料及药费"
        },
        {
            "name": "穿刺取样(淋巴结)(大型犬)",
            "price": "240元/次",
            "remark": "仅超声引导费，不含操作、材料及药费"
        },
        {
            "name": "穿刺取样(胸腔积液)(小型犬)",
            "price": "200元/次",
            "remark": "仅超声引导费，不含操作、材料及药费"
        },
        {
            "name": "穿刺取样(胸腔积液)(中型犬)",
            "price": "200元/次",
            "remark": "仅超声引导费，不含操作、材料及药费"
        },
        {
            "name": "穿刺取样(胸腔积液)(大型犬)",
            "price": "240元/次",
            "remark": "仅超声引导费，不含操作、材料及药费"
        },
        {
            "name": "介入治疗(体腔药物注射)(小型犬)",
            "price": "200元/次",
            "remark": "仅超声引导费，不含操作、材料及药费"
        },
        {
            "name": "介入治疗(体腔药物注射)(中型犬)",
            "price": "200元/次",
            "remark": "仅超声引导费，不含操作、材料及药费"
        },
        {
            "name": "介入治疗(体腔药物注射)(大型犬)",
            "price": "240元/次",
            "remark": "仅超声引导费，不含操作、材料及药费"
        },
        {
            "name": "介入治疗(前列腺囊肿抽吸)(小型犬)",
            "price": "400元/次",
            "remark": "包含超声引导及操作，不含材料及药费"
        },
        {
            "name": "介入治疗(前列腺囊肿抽吸)(中型犬)",
            "price": "400元/次",
            "remark": "包含超声引导及操作，不含材料及药费"
        },
        {
            "name": "介入治疗(前列腺囊肿抽吸)(大型犬)",
            "price": "600元/次",
            "remark": "包含超声引导及操作，不含材料及药费"
        },
        {
            "name": "介入治疗(心包液抽吸)(小型犬)",
            "price": "600元/次",
            "remark": "包含超声引导及操作，不含材料及药费"
        },
        {
            "name": "介入治疗(心包液抽吸)(中型犬)",
            "price": "600元/次",
            "remark": "包含超声引导及操作，不含材料及药费"
        },
        {
            "name": "介入治疗(心包液抽吸)(大型犬)",
            "price": "800元/次",
            "remark": "包含超声引导及操作，不含材料及药费"
        }
    ],
    "耳鼻喉科手术": [
        {
            "name": "唾液腺摘除术(小型犬)",
            "price": "1000元/侧",
            "remark": ""
        },
        {
            "name": "唾液腺摘除术(中型犬)",
            "price": "1500元/侧",
            "remark": ""
        },
        {
            "name": "唾液腺摘除术(大型犬)",
            "price": "2000元/侧",
            "remark": ""
        },
        {
            "name": "舌下腺囊肿切开引流",
            "price": "400元/侧",
            "remark": ""
        },
        {
            "name": "耳血肿切开压迫术",
            "price": "600元/侧",
            "remark": "不含麻醉，药费另计"
        },
        {
            "name": "侧耳道切除术",
            "price": "1000元/侧",
            "remark": "不含麻醉，药费另计"
        },
        {
            "name": "垂直耳道切除术",
            "price": "1500元/侧",
            "remark": "不含麻醉，药费另计"
        },
        {
            "name": "全耳道切除术",
            "price": "2000元/侧",
            "remark": "不含麻醉，药费另计"
        },
        {
            "name": "腭裂修补术",
            "price": "1000元/侧",
            "remark": "不含麻醉，药费另计"
        },
        {
            "name": "唇腭裂修补术",
            "price": "500元/侧",
            "remark": "不含麻醉，药费另计"
        }
    ],
    "眼封闭": [
        {
            "name": "上下眼睑封闭",
            "price": "100元/侧",
            "remark": "不含麻醉，药费另计"
        },
        {
            "name": "自家血眼睑封闭",
            "price": "150元/侧",
            "remark": "不含麻醉，药费另计"
        },
        {
            "name": "结膜下注射",
            "price": "180元/侧",
            "remark": "不含麻醉，药费另计"
        },
        {
            "name": "腋窝封闭",
            "price": "100元/侧",
            "remark": "不含麻醉，药费另计"
        }
    ],
    "眼科手术": [
        {
            "name": "鼻泪管冲洗术",
            "price": "150元/次",
            "remark": "不含麻醉，药费另计"
        },
        {
            "name": "鼻泪管再造术",
            "price": "1500元/次",
            "remark": "不含麻醉，药费另计"
        },
        {
            "name": "第三眼睑遮盖术",
            "price": "300元/侧",
            "remark": "不含麻醉，药费另计"
        },
        {
            "name": "第三眼睑腺脱出切除术",
            "price": "200元/侧",
            "remark": "不含麻醉，药费另计"
        },
        {
            "name": "第三眼睑腺脱出包埋术",
            "price": "500元/侧",
            "remark": "不含麻醉，药费另计"
        },
        {
            "name": "第三眼睑软骨部分切除术",
            "price": "600元/侧",
            "remark": "不含麻醉，药费另计"
        },
        {
            "name": "眼球整复及眼睑缝合术",
            "price": "400元/侧",
            "remark": "不含麻醉，药费另计"
        },
        {
            "name": "眼球摘除术",
            "price": "500元/侧",
            "remark": "不含麻醉，药费另计"
        },
        {
            "name": "眼球眼裂全摘术",
            "price": "1200元/侧",
            "remark": "不含麻醉，药费另计"
        },
        {
            "name": "眼睑缝合术",
            "price": "200元/侧",
            "remark": "不含麻醉，药费另计"
        },
        {
            "name": "劈睑术",
            "price": "300元/个",
            "remark": "不含麻醉，药费另计"
        },
        {
            "name": "异常睫毛切除术",
            "price": "300元/个",
            "remark": "不含麻醉，药费另计"
        },
        {
            "name": "眼睑再造术",
            "price": "1000元/侧",
            "remark": "不含麻醉，药费另计"
        },
        {
            "name": "眼睑内/外翻矫正术",
            "price": "400元/个",
            "remark": "不含麻醉，药费另计"
        },
        {
            "name": "眼裂切开术",
            "price": "300元/侧",
            "remark": "不含麻醉，药费另计"
        },
        {
            "name": "角膜清创术",
            "price": "200元/侧",
            "remark": "不含麻醉，药费另计"
        },
        {
            "name": "角膜格状切开术",
            "price": "500元/侧",
            "remark": "不含麻醉，药费另计"
        },
        {
            "name": "角膜板层切除术",
            "price": "1000元/侧",
            "remark": "不含麻醉，药费另计"
        },
        {
            "name": "角膜缝合术",
            "price": "1000元/侧",
            "remark": "不含麻醉，药费另计"
        },
        {
            "name": "结膜瓣覆盖术",
            "price": "1500元/侧",
            "remark": "不含麻醉，药费另计"
        },
        {
            "name": "皮样囊肿切除术",
            "price": "800元/侧",
            "remark": "不含麻醉，药费另计"
        },
        {
            "name": "青光眼虹膜引流术",
            "price": "2500元/侧",
            "remark": "不含麻醉，药费另计"
        },
        {
            "name": "青光眼引流阀植入术",
            "price": "3000元/侧",
            "remark": "不含麻醉，药费另计"
        },
        {
            "name": "巩膜内义眼植入术",
            "price": "2000元/侧",
            "remark": "不含麻醉，药费另计"
        },
        {
            "name": "晶状体囊外摘除术",
            "price": "3000元/侧",
            "remark": "不含麻醉，药费另计"
        },
        {
            "name": "白内障超声乳化手术",
            "price": "4000元/侧",
            "remark": "不含麻醉，药费另计"
        },
        {
            "name": "人工晶体植入术",
            "price": "1000元/侧",
            "remark": "不含麻醉，药费另计"
        }
    ],
    "牙科": [
        {
            "name": "超声波洁牙",
            "price": "400元/次",
            "remark": "不含麻醉，药费另计"
        },
        {
            "name": "拔牙术(犬齿)",
            "price": "200元/颗",
            "remark": "不含麻醉，药费另计"
        },
        {
            "name": "拔牙术(除犬齿外)",
            "price": "50元/颗",
            "remark": "不含麻醉，药费另计"
        },
        {
            "name": "根管治疗",
            "price": "100元/颗",
            "remark": "不含麻醉，药费另计"
        },
        {
            "name": "补牙",
            "price": "100元/颗",
            "remark": "不含麻醉，药费另计"
        }
    ],
    "外科美容矫形术": [
        {
            "name": "面褶切除术",
            "price": "600元/次",
            "remark": "不含麻醉，药费另计"
        },
        {
            "name": "犬立耳术(笃宾)",
            "price": "1000元/次",
            "remark": "不含麻醉，药费另计"
        },
        {
            "name": "犬立耳术(雪纳瑞)",
            "price": "800元/次",
            "remark": "不含麻醉，药费另计"
        },
        {
            "name": "犬立耳术(高加索)",
            "price": "800元/次",
            "remark": "不含麻醉，药费另计"
        },
        {
            "name": "立耳术后校正",
            "price": "100元/次",
            "remark": "不含麻醉，药费另计"
        },
        {
            "name": "声带切除术",
            "price": "1000元/次",
            "remark": "不含麻醉，药费另计"
        },
        {
            "name": "截指/趾术",
            "price": "500元/次",
            "remark": "不含麻醉，药费另计"
        },
        {
            "name": "狼爪切除术(单肢)",
            "price": "300元/次",
            "remark": "不含麻醉，药费另计"
        },
        {
            "name": "断尾(生理)(10日龄内)",
            "price": "50元/次",
            "remark": "不含麻醉，药费另计"
        },
        {
            "name": "断尾(生理)(10日龄以上，一月龄以下)",
            "price": "100元/次",
            "remark": "不含麻醉，药费另计"
        },
        {
            "name": "断尾(生理)(1月以上)",
            "price": "300元/次",
            "remark": "不含麻醉，药费另计"
        },
        {
            "name": "断尾(病理)(小型犬)",
            "price": "400元/次",
            "remark": "不含麻醉，药费另计"
        },
        {
            "name": "断尾(病理)(中型犬)",
            "price": "500元/次",
            "remark": "不含麻醉，药费另计"
        },
        {
            "name": "断尾(病理)(大型犬)",
            "price": "600元/次",
            "remark": "不含麻醉，药费另计"
        },
        {
            "name": "趾间囊肿切除术",
            "price": "300元/部位",
            "remark": "不含麻醉，药费另计"
        },
        {
            "name": "肛门囊摘除术",
            "price": "400元/侧",
            "remark": "不含麻醉，药费另计"
        },
        {
            "name": "肘头黏液囊摘除术",
            "price": "1200元/侧",
            "remark": "不含麻醉，药费另计"
        }
    ],
    "外科处理": [
        {
            "name": "投药",
            "price": "5元/次",
            "remark": "不含麻醉，材料费及药费"
        },
        {
            "name": "吸氧",
            "price": "40元/小时",
            "remark": "不含麻醉，材料费及药费"
        },
        {
            "name": "急救费",
            "price": "200元/次",
            "remark": "不含麻醉，材料费及药费"
        },
        {
            "name": "小外伤处理",
            "price": "80元/次",
            "remark": "不含麻醉，材料费及药费"
        },
        {
            "name": "中外伤处理",
            "price": "200元/次",
            "remark": "不含麻醉，材料费及药费"
        },
        {
            "name": "大外伤处理",
            "price": "500元/次",
            "remark": "不含麻醉，材料费及药费"
        },
        {
            "name": "换药(小伤)",
            "price": "20元/次",
            "remark": "不含麻醉，材料费及药费"
        },
        {
            "name": "换药(中伤)",
            "price": "40元/次",
            "remark": "不含麻醉，材料费及药费"
        },
        {
            "name": "换药(大伤)",
            "price": "100元/次",
            "remark": "不含麻醉，材料费及药费"
        },
        {
            "name": "洗耳",
            "price": "50元/次",
            "remark": "不含麻醉，材料费及药费"
        },
        {
            "name": "洗耳机清洗耳道",
            "price": "100元/次",
            "remark": "不含麻醉，材料费及药费"
        },
        {
            "name": "剪指(趾)甲",
            "price": "50元/次",
            "remark": "不含麻醉，材料费及药费"
        },
        {
            "name": "剪指(趾)甲(病理)",
            "price": "10元/指",
            "remark": "不含麻醉，材料费及药费"
        },
        {
            "name": "挤肛门腺",
            "price": "30元/次",
            "remark": "不含麻醉，材料费及药费"
        },
        {
            "name": "气管插管",
            "price": "30元/次",
            "remark": "不含麻醉，材料费及药费"
        },
        {
            "name": "鼻饲管放置",
            "price": "200元/次",
            "remark": "不含麻醉，材料费及药费"
        },
        {
            "name": "食道饲管放置",
            "price": "300元/次",
            "remark": "不含麻醉，材料费及药费"
        },
        {
            "name": "洗胃",
            "price": "500元/次",
            "remark": "不含麻醉，材料费及药费"
        },
        {
            "name": "导尿(公犬)",
            "price": "200元/次",
            "remark": "不含麻醉，材料费及药费"
        },
        {
            "name": "导尿(母犬)",
            "price": "260元/次",
            "remark": "不含麻醉，材料费及药费"
        },
        {
            "name": "采集尿样(公犬)",
            "price": "30元/次",
            "remark": "不含麻醉，材料费及药费"
        },
        {
            "name": "采集尿样(母犬)",
            "price": "50元/次",
            "remark": "不含麻醉，材料费及药费"
        },
        {
            "name": "膀胱尿道冲洗",
            "price": "100元/次",
            "remark": "不含麻醉，材料费及药费"
        },
        {
            "name": "直肠给药",
            "price": "30元/次",
            "remark": "不含麻醉，材料费及药费"
        },
        {
            "name": "灌肠(小型犬)",
            "price": "150元/次",
            "remark": "不含麻醉，材料费及药费"
        },
        {
            "name": "灌肠(中型犬)",
            "price": "300元/次",
            "remark": "不含麻醉，材料费及药费"
        },
        {
            "name": "灌肠(大型犬)",
            "price": "500元/次",
            "remark": "不含麻醉，材料费及药费"
        },
        {
            "name": "催吐",
            "price": "60元/次",
            "remark": "不含麻醉，材料费及药费"
        },
        {
            "name": "体表肿物穿刺",
            "price": "50元/次",
            "remark": "不含麻醉，材料费及药费"
        },
        {
            "name": "胸/腹腔穿刺采样",
            "price": "50元/次",
            "remark": "如需超声引导，另加超声引导费"
        },
        {
            "name": "抽/放胸水",
            "price": "300元/次",
            "remark": "如需超声引导，另加超声引导费"
        },
        {
            "name": "抽/放腹水",
            "price": "200元/次",
            "remark": "如需超声引导，另加超声引导费"
        },
        {
            "name": "气管灌洗",
            "price": "300元/次",
            "remark": "不含麻醉药费"
        }
    ],
    "麻醉": [
        {
            "name": "手术切口线性阻滞",
            "price": "60元/次",
            "remark": "含药费"
        },
        {
            "name": "硬膜外麻醉",
            "price": "150元/次",
            "remark": "含药费"
        },
        {
            "name": "肋间阻滞",
            "price": "150元/次",
            "remark": "含药费"
        },
        {
            "name": "睾丸内阻滞",
            "price": "60元/次",
            "remark": "含药费"
        },
        {
            "name": "口腔阻滞",
            "price": "150元/次",
            "remark": "含药费"
        },
        {
            "name": "臂神经丛阻滞",
            "price": "150元/次",
            "remark": "含药费"
        },
        {
            "name": "耳睑神经传导阻滞",
            "price": "100元/次",
            "remark": "含药费"
        },
        {
            "name": "局部麻醉",
            "price": "60元/次",
            "remark": "含药费"
        },
        {
            "name": "注射全身麻醉",
            "price": "100元/次",
            "remark": "含药费"
        },
        {
            "name": "吸入麻醉(小型犬)",
            "price": "150元/小时",
            "remark": "不含诱导麻醉，吸入麻醉药另计"
        },
        {
            "name": "吸入麻醉(中型犬)",
            "price": "260元/小时",
            "remark": "不含诱导麻醉，吸入麻醉药另计"
        },
        {
            "name": "吸入麻醉(大型犬)",
            "price": "400元/小时",
            "remark": "不含诱导麻醉，吸入麻醉药另计"
        },
        {
            "name": "呼吸机(小型犬)",
            "price": "200元/小时",
            "remark": "药费另计"
        },
        {
            "name": "呼吸机(中型犬)",
            "price": "300元/小时",
            "remark": "药费另计"
        },
        {
            "name": "呼吸机(大型犬)",
            "price": "400元/小时",
            "remark": "药费另计"
        },
        {
            "name": "麻醉监护",
            "price": "200元/小时",
            "remark": "药费另计"
        },
        {
            "name": "疼痛管理1",
            "price": "300元/次",
            "remark": "含药费与微量泵"
        },
        {
            "name": "疼痛管理2",
            "price": "1000元/次",
            "remark": "含药费与微量泵"
        }
    ],
    "门诊": [
        {
            "name": "挂号费(门诊)",
            "price": "20元/次",
            "remark": ""
        },
        {
            "name": "挂号费(简易门诊)",
            "price": "10元/次",
            "remark": ""
        },
        {
            "name": "挂号费(夜诊)",
            "price": "30元/次",
            "remark": ""
        },
        {
            "name": "挂号费(特需门诊)",
            "price": "50元/次",
            "remark": ""
        },
        {
            "name": "诊断费(门诊/夜诊)",
            "price": "50元/次",
            "remark": ""
        },
        {
            "name": "专家会诊",
            "price": "300元/次",
            "remark": ""
        }
    ],
    "检查费用": [
        {
            "name": "心电图",
            "price": "200元/次",
            "remark": ""
        },
        {
            "name": "测血压",
            "price": "50元/次",
            "remark": ""
        },
        {
            "name": "测眼压",
            "price": "50元/眼",
            "remark": ""
        },
        {
            "name": "角膜荧光素染色",
            "price": "50元/眼",
            "remark": ""
        },
        {
            "name": "STT泪液测试",
            "price": "50元/眼",
            "remark": ""
        },
        {
            "name": "眼底检查",
            "price": "80元/眼",
            "remark": ""
        },
        {
            "name": "检眼(全面检查)",
            "price": "200元/眼",
            "remark": ""
        },
        {
            "name": "视网膜电位检查(ERG)",
            "price": "200元/眼",
            "remark": ""
        },
        {
            "name": "内窥镜检查",
            "price": "300元/次",
            "remark": "不含麻醉"
        }
    ],
    "注射针灸": [
        {
            "name": "皮下/肌肉注射",
            "price": "5元/点",
            "remark": "材料费、药费另计"
        },
        {
            "name": "多点注射(皮下)",
            "price": "5元/点",
            "remark": "材料费、药费另计"
        },
        {
            "name": "静脉注射",
            "price": "20元/次",
            "remark": "材料费、药费另计"
        },
        {
            "name": "输液",
            "price": "52元/次",
            "remark": "材料费、药费另计"
        },
        {
            "name": "皮下输液",
            "price": "30元/次",
            "remark": "材料费、药费另计"
        },
        {
            "name": "静脉留置针放置",
            "price": "50元/次",
            "remark": "材料费、药费另计"
        },
        {
            "name": "输液加温器",
            "price": "5元/次",
            "remark": "材料费、药费另计"
        },
        {
            "name": "输液泵",
            "price": "30元/小时",
            "remark": "材料费、药费另计"
        },
        {
            "name": "输液泵(大于等于3小时)",
            "price": "60",
            "remark": "材料费、药费另计"
        },
        {
            "name": "气管注射",
            "price": "30元/次",
            "remark": "材料费、药费另计"
        },
        {
            "name": "穴位注射",
            "price": "30元/次",
            "remark": "材料费、药费另计"
        },
        {
            "name": "腹腔注射",
            "price": "20元/次",
            "remark": "材料费、药费另计"
        },
        {
            "name": "输血",
            "price": "100元/次",
            "remark": "材料费、药费另计"
        },
        {
            "name": "采血",
            "price": "100元/次",
            "remark": "材料费、药费另计,超出100ml，每ml加1元"
        },
        {
            "name": "激光穴位照射",
            "price": "100元/次",
            "remark": "材料费、药费另计"
        },
        {
            "name": "针灸",
            "price": "150元/次",
            "remark": "材料费、药费另计"
        },
        {
            "name": "封闭",
            "price": "15元/次",
            "remark": "材料费、药费另计"
        },
        {
            "name": "配药",
            "price": "15元/次",
            "remark": "材料费、药费另计"
        },
        {
            "name": "安乐死(小型犬)",
            "price": "100元/次",
            "remark": "材料费、药费另计"
        },
        {
            "name": "安乐死(中型犬)",
            "price": "200元/次",
            "remark": "材料费、药费另计"
        },
        {
            "name": "安乐死(大型犬)",
            "price": "400元/次",
            "remark": "材料费、药费另计"
        }
    ],
    "生殖泌尿系统手术": [
        {
            "name": "去势术(小型犬)",
            "price": "300元/次",
            "remark": ""
        },
        {
            "name": "去势术(中型犬)",
            "price": "400元/次",
            "remark": ""
        },
        {
            "name": "去势术(大型犬)",
            "price": "500元/次",
            "remark": ""
        },
        {
            "name": "阴囊切除术",
            "price": "200元/次",
            "remark": ""
        },
        {
            "name": "绝育术(小型犬)",
            "price": "500元/次",
            "remark": ""
        },
        {
            "name": "绝育术(小型犬)",
            "price": "650元/次",
            "remark": ""
        },
        {
            "name": "绝育术(小型犬)",
            "price": "900元/次",
            "remark": ""
        },
        {
            "name": "子宫卵巢病理性摘除(小型犬)",
            "price": "800元/次",
            "remark": "不含麻醉、药费另计"
        },
        {
            "name": "子宫卵巢病理性摘除(中型犬)",
            "price": "1000元/次",
            "remark": "不含麻醉、药费另计"
        },
        {
            "name": "子宫卵巢病理性摘除(大型犬)",
            "price": "1500元/次",
            "remark": "不含麻醉、药费另计"
        },
        {
            "name": "剖腹产(小型犬)",
            "price": "800元/次",
            "remark": "不含麻醉、药费另计"
        },
        {
            "name": "剖腹产(中型犬)",
            "price": "1000元/次",
            "remark": "不含麻醉、药费另计"
        },
        {
            "name": "剖腹产(大型犬)",
            "price": "1500元/次",
            "remark": "不含麻醉、药费另计"
        },
        {
            "name": "妊娠终止术(小型犬)",
            "price": "600元/次",
            "remark": "不含麻醉、药费另计"
        },
        {
            "name": "妊娠终止术(中型犬)",
            "price": "750元/次",
            "remark": "不含麻醉、药费另计"
        },
        {
            "name": "妊娠终止术(大型犬)",
            "price": "1000元/次",
            "remark": "不含麻醉、药费另计"
        },
        {
            "name": "助产术",
            "price": "150元/次",
            "remark": "不含麻醉、药费另计"
        },
        {
            "name": "子宫冲洗",
            "price": "200元/次",
            "remark": "不含麻醉、药费另计"
        },
        {
            "name": "子宫脱整复阴门缝合",
            "price": "400元/次",
            "remark": "不含麻醉、药费另计"
        },
        {
            "name": "阴道脱整复阴门缝合",
            "price": "500元/次",
            "remark": "不含麻醉、药费另计"
        },
        {
            "name": "阴道增生切除术",
            "price": "1000元/次",
            "remark": "不含麻醉、药费"
        },
        {
            "name": "阴道内畸形修复术",
            "price": "600元/次",
            "remark": "不含麻醉、药费"
        },
        {
            "name": "直肠阴道瘘修复术",
            "price": "800元/次",
            "remark": "不含麻醉、药费"
        },
        {
            "name": "肾切开术",
            "price": "1500元/侧",
            "remark": "不含开腹、麻醉、药费"
        },
        {
            "name": "肾摘除术",
            "price": "1000元/次",
            "remark": "不含开腹、麻醉、药费"
        },
        {
            "name": "输尿管异位整复术",
            "price": "2500元/次",
            "remark": "不含开腹、麻醉、药费"
        },
        {
            "name": "输尿管吻合术",
            "price": "2500元/次",
            "remark": "不含开腹、麻醉、药费"
        },
        {
            "name": "输尿管切开术",
            "price": "1000元/次",
            "remark": "不含开腹、麻醉、药费"
        },
        {
            "name": "尿道破裂缝合术",
            "price": "1000元/次",
            "remark": "不含开腹、麻醉、药费"
        },
        {
            "name": "尿道断裂吻合术",
            "price": "1500元/次",
            "remark": "不含开腹、麻醉、药费"
        },
        {
            "name": "尿道切开术",
            "price": "700元/次",
            "remark": "不含麻醉、药费"
        },
        {
            "name": "阴囊基部尿道造口术",
            "price": "1000元/次",
            "remark": "不含麻醉、药费"
        },
        {
            "name": "会阴部尿道造口术",
            "price": "1400元/次",
            "remark": "不含麻醉、药费"
        },
        {
            "name": "前列腺摘除术(部分)",
            "price": "1200元/次",
            "remark": "不含开腹"
        },
        {
            "name": "前列腺摘除术(全部)",
            "price": "2500元/次",
            "remark": "不含开腹"
        },
        {
            "name": "腹腔外隐睾摘除术(小型犬)",
            "price": "400元/次",
            "remark": "不分单双侧，单侧时含正常睾丸摘除"
        },
        {
            "name": "腹腔外隐睾摘除术(中型犬)",
            "price": "500元/次",
            "remark": "不分单双侧，单侧时含正常睾丸摘除"
        },
        {
            "name": "腹腔外隐睾摘除术(大型犬)",
            "price": "600元/次",
            "remark": "不分单双侧，单侧时含正常睾丸摘除"
        },
        {
            "name": "腹腔外隐睾肿瘤摘除术(小型犬)",
            "price": "600元/次",
            "remark": "不分单双侧，单侧时含正常睾丸摘除"
        },
        {
            "name": "腹腔外隐睾肿瘤摘除术(中型犬)",
            "price": "700元/次",
            "remark": "不分单双侧，单侧时含正常睾丸摘除"
        },
        {
            "name": "腹腔外隐睾肿瘤摘除术(大型犬)",
            "price": "800元/次",
            "remark": "不分单双侧，单侧时含正常睾丸摘除"
        },
        {
            "name": "腹腔内隐睾摘除术(小型犬)",
            "price": "500元/次",
            "remark": "含开腹，不分单双侧，单侧时含正常睾丸摘除"
        },
        {
            "name": "腹腔内隐睾摘除术(中型犬)",
            "price": "700元/次",
            "remark": "含开腹，不分单双侧，单侧时含正常睾丸摘除"
        },
        {
            "name": "腹腔内隐睾摘除术(大型犬)",
            "price": "900元/次",
            "remark": "含开腹，不分单双侧，单侧时含正常睾丸摘除"
        },
        {
            "name": "腹腔内隐睾肿瘤摘除术(小型犬)",
            "price": "1000元/次",
            "remark": "含开腹，不分单双侧，单侧时含正常睾丸摘除"
        },
        {
            "name": "腹腔内隐睾肿瘤摘除术(中型犬)",
            "price": "1200元/次",
            "remark": "含开腹，不分单双侧，单侧时含正常睾丸摘除"
        },
        {
            "name": "腹腔内隐睾肿瘤摘除术(大型犬)",
            "price": "1500元/次",
            "remark": "含开腹，不分单双侧，单侧时含正常睾丸摘除"
        },
        {
            "name": "包皮嵌顿整复术",
            "price": "200元/次",
            "remark": "不含麻醉、药费"
        },
        {
            "name": "包皮嵌顿切开整复术",
            "price": "500元/次",
            "remark": "不含麻醉、药费"
        },
        {
            "name": "包茎矫形术",
            "price": "700元/次",
            "remark": "不含麻醉、药费"
        },
        {
            "name": "阴茎切除术(含尿道再造口术)(小型犬)",
            "price": "1300元/次",
            "remark": "不含麻醉、药费"
        },
        {
            "name": "阴茎切除术(含尿道再造口术)(中型犬)",
            "price": "1500元/次",
            "remark": "不含麻醉、药费"
        },
        {
            "name": "阴茎切除术(含尿道再造口术)(大型犬)",
            "price": "1800元/次",
            "remark": "不含麻醉、药费"
        },
        {
            "name": "膀胱破裂修补术",
            "price": "600元/次",
            "remark": "不含开腹"
        },
        {
            "name": "膀胱切开术(小型犬)",
            "price": "700元/次",
            "remark": "含开腹"
        },
        {
            "name": "膀胱切开术(中型犬)",
            "price": "1000元/次",
            "remark": "含开腹"
        },
        {
            "name": "膀胱切开术(大型犬)",
            "price": "1500元/次",
            "remark": "含开腹"
        }
    ]
}