{
    "huayan": [
        "化验"
    ],
    "shoushu": [
        "肿瘤手术",
        "内分泌手术",
        "骨科手术",
        "疝系列手术",
        "腹腔手术",
        "胸腔手术"
    ],
    "zhuyuan": [
        "笼位费",
        "吸氧费",
        "护理费",
        "保定费",
        "住院押金"
    ],
    "yingxiang": [
        "放射检查项目",
        "超声项目",
        "超声引导"
    ],
    "yayan": [
        "耳鼻喉科手术",
        "眼封闭",
        "眼科手术",
        "牙科",
        "外科美容矫形术"
    ],
    "waike": [
        "外科处理",
        "麻醉"
    ],
    "mengzhen": [
        "门诊",
        "检查费用",
        "注射针灸"
    ],
    "shengzhi": [
        "生殖泌尿系统手术"
    ]
}